hp_index,weight_decay,pretrained_index,momentum,learning_rate,batch_size
0,0.01,2548,0.5,0.001,64
1,0.001,8914,0.9,0.1,512
2,0.1,2897,0.5,0.0001,128
3,0.0001,2001,0.9,0.0001,64
4,0.1,11214,0.1,0.01,32
5,0.001,4977,0.5,0.01,512
6,0.0001,7982,0.9,0.01,32
7,0.001,7648,0.9,0.1,64
8,0.0001,5378,0.9,0.001,64
9,0.1,8953,0.5,0.01,256
10,0.01,2348,0.5,0.0001,32
11,1e-05,8671,0.5,0.0001,16
12,0.001,550,0.1,0.1,32
13,1e-05,3205,0.9,0.1,32
14,0.0001,9474,0.1,0.1,32
15,1e-05,3408,0.1,0.001,32
16,0.001,6776,0.5,0.0001,128
17,0.1,10081,0.5,0.1,256
18,0.001,188,0.5,0.0001,64
19,0.1,5,0.9,0.1,512
20,0.1,7141,0.1,0.01,256
21,0.1,4930,0.5,0.0001,16
22,0.1,6870,0.9,0.01,64
23,0.001,3236,0.5,0.001,128
24,1e-05,10935,0.1,0.1,256
25,0.0001,2598,0.9,0.01,128
26,0.01,5677,0.5,0.001,128
27,0.01,9635,0.9,0.01,16
28,0.0001,4609,0.9,0.01,128
29,0.1,1328,0.5,0.01,128
30,0.0001,10081,0.1,0.01,128
31,0.1,11332,0.9,0.01,256
32,0.1,5131,0.9,0.01,256
33,0.001,5071,0.9,0.01,256
34,0.01,7102,0.5,0.1,128
35,0.1,5137,0.1,0.0001,64
36,0.01,1629,0.5,0.0001,16
37,1e-05,5133,0.1,0.01,64
38,0.01,9136,0.1,0.1,128
39,0.01,7544,0.9,0.01,256
40,0.01,751,0.9,0.0001,256
41,0.01,7303,0.5,0.01,512
42,1e-05,5999,0.9,0.01,128
43,0.01,2185,0.5,0.01,64
44,0.1,3059,0.1,0.1,512
45,0.1,7497,0.1,0.01,128
46,1e-05,6683,0.9,0.001,64
47,0.01,5082,0.9,0.0001,128
48,0.001,2039,0.9,0.001,512
49,0.0001,6367,0.5,0.001,16
50,0.001,8940,0.9,0.1,256
51,1e-05,11101,0.5,0.1,64
52,1e-05,3887,0.9,0.0001,128
53,0.1,3353,0.1,0.001,16
54,1e-05,3701,0.9,0.01,128
55,0.0001,2348,0.1,0.1,32
56,1e-05,9863,0.9,0.0001,512
57,0.001,5359,0.9,0.001,32
58,0.001,9452,0.9,0.0001,256
59,0.01,4879,0.9,0.0001,64
60,0.0001,1006,0.5,0.01,128
61,1e-05,4937,0.1,0.1,16
62,1e-05,11838,0.9,0.1,128
63,0.0001,10347,0.1,0.1,32
64,0.01,9458,0.5,0.001,32
65,0.001,1322,0.9,0.01,256
66,0.001,4649,0.1,0.0001,16
67,0.01,847,0.1,0.1,128
68,0.01,10141,0.5,0.01,128
69,0.1,2935,0.5,0.1,256
70,1e-05,5528,0.9,0.001,64
71,1e-05,6748,0.5,0.01,128
72,1e-05,5032,0.1,0.1,32
73,0.001,9094,0.9,0.1,32
74,0.1,9796,0.1,0.0001,16
75,1e-05,14,0.5,0.001,128
76,0.1,5175,0.1,0.01,256
77,0.1,876,0.5,0.0001,64
78,0.1,2183,0.5,0.0001,128
79,0.0001,2425,0.9,0.001,64
80,1e-05,11419,0.5,0.001,64
81,0.01,2227,0.9,0.1,64
82,0.01,1963,0.9,0.1,64
83,1e-05,2357,0.5,0.0001,128
84,0.1,1617,0.5,0.0001,256
85,0.01,5185,0.1,0.1,128
86,0.1,2667,0.5,0.001,512
87,1e-05,8680,0.1,0.01,64
88,0.0001,11822,0.9,0.001,32
89,0.001,7221,0.5,0.001,32
90,0.0001,8288,0.5,0.1,256
91,1e-05,2046,0.5,0.01,64
92,0.1,5477,0.9,0.0001,512
93,0.001,561,0.1,0.1,512
94,0.1,455,0.1,0.0001,512
95,1e-05,4338,0.9,0.1,64
96,1e-05,10330,0.5,0.0001,256
97,0.1,2246,0.9,0.01,16
98,1e-05,5652,0.9,0.01,64
99,0.0001,4220,0.5,0.0001,64
100,0.1,3345,0.5,0.001,256
101,0.0001,11484,0.9,0.0001,32
102,0.1,481,0.9,0.0001,16
103,0.0001,7343,0.1,0.1,64
104,1e-05,2154,0.1,0.001,128
105,0.01,9919,0.1,0.0001,32
106,0.1,5564,0.1,0.01,256
107,0.01,6213,0.5,0.01,256
108,1e-05,3283,0.1,0.01,256
109,0.0001,6874,0.9,0.0001,32
110,0.01,2573,0.9,0.1,128
111,0.01,6599,0.5,0.001,512
112,0.01,2709,0.5,0.001,32
113,0.1,8802,0.5,0.01,256
114,1e-05,2695,0.9,0.01,32
115,1e-05,10099,0.1,0.1,256
116,0.1,3806,0.5,0.0001,256
117,1e-05,8717,0.1,0.0001,16
118,0.01,11442,0.9,0.0001,256
119,0.01,3889,0.1,0.01,128
120,0.0001,9911,0.5,0.0001,16
121,0.001,3111,0.9,0.0001,64
122,0.1,1483,0.5,0.01,512
123,0.0001,4618,0.9,0.1,64
124,0.0001,5804,0.1,0.1,64
125,0.001,296,0.9,0.01,32
126,1e-05,467,0.1,0.1,16
127,0.001,2795,0.1,0.1,256
128,1e-05,2014,0.9,0.1,512
129,1e-05,4184,0.9,0.1,256
130,0.01,4882,0.9,0.001,128
131,1e-05,5472,0.1,0.0001,256
132,0.001,4518,0.5,0.1,128
133,1e-05,3000,0.5,0.0001,128
134,1e-05,8538,0.1,0.01,16
135,0.0001,5684,0.1,0.01,128
136,0.01,3252,0.5,0.1,512
137,0.01,5323,0.1,0.001,512
138,0.1,6821,0.9,0.01,64
139,0.1,10550,0.1,0.001,256
140,1e-05,850,0.9,0.1,32
141,0.001,1143,0.5,0.01,512
142,0.001,217,0.5,0.0001,16
143,0.0001,11235,0.1,0.0001,64
144,0.01,5202,0.5,0.01,64
145,0.01,7870,0.1,0.0001,16
146,0.0001,2,0.9,0.01,256
147,0.001,11924,0.5,0.1,512
148,1e-05,11376,0.1,0.01,16
149,0.01,6633,0.5,0.0001,32
150,0.0001,9056,0.1,0.001,16
151,0.001,11539,0.1,0.001,256
152,1e-05,575,0.1,0.001,512
153,1e-05,11153,0.5,0.0001,256
154,0.0001,5907,0.5,0.001,16
155,0.1,345,0.9,0.0001,64
156,0.1,561,0.5,0.0001,128
157,0.1,4333,0.9,0.1,16
158,0.001,4964,0.5,0.001,512
159,0.01,7808,0.1,0.01,32
160,0.001,5892,0.5,0.01,256
161,0.01,9380,0.1,0.0001,128
162,0.01,218,0.9,0.001,64
163,0.0001,7646,0.1,0.01,128
164,1e-05,8077,0.9,0.1,512
165,0.1,4077,0.1,0.001,256
166,0.1,8381,0.1,0.001,64
167,0.01,3227,0.9,0.01,128
168,0.01,10015,0.5,0.0001,16
169,0.0001,11126,0.5,0.01,64
170,0.1,4820,0.9,0.1,32
171,0.001,5637,0.1,0.1,64
172,0.0001,7813,0.1,0.001,64
173,1e-05,6625,0.1,0.1,512
174,1e-05,9763,0.9,0.1,64
175,0.0001,813,0.5,0.01,512
176,0.1,11062,0.9,0.01,512
177,0.0001,2136,0.1,0.001,32
178,0.01,9523,0.9,0.0001,64
179,1e-05,11366,0.5,0.001,512
180,0.01,11084,0.1,0.1,128
181,1e-05,10670,0.1,0.1,64
182,0.001,6397,0.9,0.0001,128
183,1e-05,2259,0.5,0.0001,16
184,0.1,4794,0.1,0.0001,32
185,0.0001,5075,0.1,0.1,256
186,1e-05,2520,0.1,0.0001,512
187,0.0001,9163,0.5,0.0001,32
188,1e-05,2941,0.1,0.01,16
189,1e-05,11454,0.5,0.0001,512
190,0.0001,11385,0.1,0.01,64
191,1e-05,7769,0.1,0.001,64
192,0.01,9358,0.1,0.1,64
193,0.1,2918,0.1,0.1,16
194,0.01,5543,0.9,0.0001,16
195,0.01,4894,0.5,0.1,256
196,0.1,8932,0.1,0.0001,128
197,0.01,3832,0.5,0.0001,64
198,0.0001,5395,0.9,0.1,16
199,0.1,2437,0.9,0.001,128
200,0.1,4251,0.5,0.001,256
201,0.0001,11559,0.5,0.0001,16
202,0.001,8216,0.9,0.01,32
203,0.1,6927,0.9,0.01,512
204,1e-05,9626,0.9,0.01,128
205,1e-05,2903,0.5,0.0001,512
206,0.1,3831,0.9,0.0001,64
207,0.001,1463,0.1,0.001,32
208,0.001,5073,0.9,0.001,128
209,0.1,1646,0.9,0.1,16
210,1e-05,3696,0.1,0.01,16
211,0.0001,2394,0.5,0.0001,32
212,0.001,4231,0.9,0.01,16
213,0.1,8899,0.9,0.01,512
214,0.0001,6700,0.5,0.01,128
215,0.1,8388,0.1,0.0001,256
216,0.01,4630,0.1,0.001,256
217,0.001,7897,0.5,0.1,128
218,0.0001,4988,0.1,0.0001,256
219,0.0001,4,0.9,0.1,64
220,0.01,8165,0.5,0.1,32
221,0.001,3693,0.5,0.1,16
222,0.1,7123,0.9,0.1,64
223,0.01,11097,0.9,0.001,512
224,0.01,5584,0.5,0.001,64
225,0.0001,1678,0.9,0.0001,16
226,0.0001,11405,0.5,0.001,32
227,0.1,8350,0.9,0.1,512
228,0.001,9808,0.5,0.0001,128
229,0.1,701,0.1,0.1,64
230,0.0001,11276,0.5,0.0001,16
231,0.0001,4340,0.5,0.0001,64
232,0.001,39,0.1,0.001,64
233,1e-05,2332,0.5,0.0001,128
234,0.0001,7645,0.9,0.001,64
235,0.0001,11877,0.5,0.01,32
236,0.01,3723,0.1,0.1,256
237,0.1,6896,0.1,0.1,64
238,0.1,11525,0.1,0.0001,256
239,0.1,11436,0.5,0.001,128
240,0.01,4792,0.5,0.001,256
241,0.001,4604,0.9,0.01,512
242,1e-05,7635,0.9,0.1,32
243,0.01,5337,0.1,0.001,512
244,0.001,10592,0.9,0.0001,512
245,0.01,10284,0.1,0.1,512
246,0.0001,4355,0.5,0.01,512
247,0.01,5484,0.1,0.1,128
248,0.001,4085,0.9,0.001,64
249,0.001,11685,0.9,0.1,512
250,0.0001,6271,0.1,0.1,256
251,1e-05,10313,0.1,0.01,32
252,0.1,4816,0.1,0.1,256
253,0.1,9421,0.1,0.0001,256
254,0.1,9815,0.9,0.001,128
255,0.1,1400,0.1,0.0001,256
256,1e-05,2352,0.9,0.01,64
257,0.01,2274,0.9,0.0001,16
258,0.1,11058,0.5,0.0001,16
259,0.1,2502,0.5,0.001,256
260,0.01,9277,0.9,0.1,32
261,0.1,2284,0.5,0.001,512
262,0.001,11033,0.1,0.0001,128
263,0.001,9280,0.5,0.001,512
264,0.1,5988,0.9,0.1,16
265,1e-05,5621,0.9,0.1,16
266,1e-05,6182,0.5,0.01,128
267,0.01,1834,0.1,0.1,64
268,0.0001,4152,0.1,0.001,256
269,0.0001,6893,0.9,0.1,32
270,0.0001,5020,0.5,0.01,16
271,0.1,5106,0.1,0.01,32
272,0.001,9560,0.9,0.001,256
273,0.01,4718,0.9,0.0001,64
274,0.1,729,0.1,0.01,64
275,1e-05,4933,0.9,0.01,32
276,0.1,2908,0.9,0.0001,128
277,0.01,3772,0.9,0.01,16
278,0.1,1530,0.1,0.01,16
279,0.01,7237,0.9,0.01,128
280,1e-05,11198,0.1,0.01,256
281,1e-05,10557,0.1,0.0001,64
282,0.1,3415,0.5,0.0001,32
283,0.001,4557,0.5,0.01,512
284,0.01,5616,0.9,0.001,512
285,1e-05,11803,0.9,0.01,128
286,0.001,10905,0.9,0.01,256
287,1e-05,5225,0.1,0.1,32
288,0.001,4009,0.9,0.0001,512
289,0.001,5796,0.5,0.01,16
290,0.001,6524,0.5,0.01,32
291,0.0001,8754,0.9,0.001,128
292,1e-05,11565,0.5,0.001,256
293,0.0001,7232,0.5,0.001,32
294,0.1,8767,0.1,0.1,512
295,0.0001,1265,0.9,0.1,16
296,1e-05,9830,0.5,0.1,16
297,0.001,3191,0.9,0.01,256
298,0.1,11766,0.5,0.0001,16
299,0.0001,11915,0.9,0.001,256
300,0.1,3729,0.9,0.001,256
301,0.01,9982,0.5,0.1,512
302,1e-05,11920,0.9,0.001,32
303,1e-05,1143,0.9,0.001,32
304,0.01,11706,0.9,0.1,32
305,1e-05,246,0.9,0.0001,128
306,0.001,4631,0.5,0.1,256
307,0.01,8248,0.5,0.01,16
308,0.001,3770,0.5,0.1,64
309,1e-05,3872,0.1,0.01,256
310,0.01,1117,0.1,0.1,64
311,0.0001,2290,0.5,0.001,16
312,1e-05,11471,0.1,0.1,512
313,0.01,2536,0.9,0.001,64
314,0.0001,8929,0.5,0.001,32
315,1e-05,2305,0.5,0.001,32
316,1e-05,5500,0.5,0.001,512
317,1e-05,5879,0.5,0.01,16
318,0.0001,77,0.1,0.1,32
319,1e-05,10878,0.9,0.0001,256
320,0.1,3913,0.9,0.01,256
321,0.01,4120,0.1,0.0001,256
322,0.001,5439,0.5,0.0001,256
323,0.0001,8573,0.1,0.001,16
324,0.01,11049,0.1,0.01,32
325,0.0001,5342,0.1,0.001,64
326,0.0001,8657,0.9,0.1,32
327,0.0001,7192,0.5,0.0001,512
328,1e-05,11589,0.5,0.001,256
329,0.0001,10764,0.9,0.01,256
330,0.001,612,0.1,0.001,16
331,0.01,6303,0.9,0.001,128
332,0.001,4398,0.9,0.1,128
333,0.1,6907,0.9,0.1,512
334,0.01,8093,0.9,0.001,256
335,0.01,4665,0.5,0.0001,32
336,0.01,8591,0.5,0.01,512
337,0.01,4646,0.9,0.001,32
338,0.0001,6348,0.5,0.001,64
339,1e-05,9905,0.9,0.01,16
340,1e-05,11323,0.9,0.0001,16
341,0.01,7197,0.1,0.1,128
342,0.0001,7878,0.5,0.0001,512
343,0.001,250,0.1,0.1,16
344,0.01,1258,0.5,0.001,64
345,1e-05,2522,0.1,0.0001,512
346,0.001,873,0.1,0.0001,128
347,1e-05,8810,0.5,0.01,64
348,0.0001,4871,0.9,0.0001,16
349,1e-05,7864,0.1,0.001,256
350,0.001,11122,0.9,0.001,16
351,0.01,66,0.1,0.0001,512
352,1e-05,1887,0.1,0.0001,16
353,0.1,1602,0.9,0.001,64
354,0.1,261,0.9,0.0001,512
355,1e-05,2617,0.9,0.1,512
356,0.001,1725,0.9,0.0001,128
357,0.0001,8824,0.1,0.0001,32
358,0.01,5949,0.5,0.01,32
359,1e-05,4526,0.5,0.1,256
360,1e-05,423,0.5,0.01,128
361,0.001,5535,0.1,0.01,32
362,1e-05,9758,0.5,0.001,16
363,0.1,897,0.9,0.01,128
364,0.0001,5767,0.9,0.1,32
365,0.1,4249,0.1,0.001,64
366,1e-05,6661,0.5,0.0001,512
367,1e-05,6539,0.5,0.1,32
368,0.001,1338,0.9,0.1,64
369,0.01,5845,0.9,0.0001,64
370,1e-05,711,0.9,0.1,256
371,0.01,1820,0.9,0.01,128
372,0.001,4113,0.1,0.01,32
373,0.01,1180,0.9,0.0001,128
374,1e-05,10413,0.1,0.001,512
375,1e-05,9823,0.1,0.0001,16
376,1e-05,7538,0.5,0.01,256
377,0.001,349,0.1,0.0001,32
378,0.0001,9970,0.9,0.0001,256
379,1e-05,620,0.9,0.1,128
380,0.0001,8925,0.5,0.0001,256
381,1e-05,4866,0.9,0.1,32
382,0.001,2298,0.5,0.001,16
383,0.0001,3170,0.5,0.01,512
384,0.001,2214,0.9,0.01,16
385,1e-05,1376,0.1,0.01,32
386,0.01,3144,0.5,0.1,64
387,0.01,5797,0.5,0.0001,128
388,0.1,8648,0.9,0.1,512
389,0.01,10818,0.1,0.1,32
390,0.01,934,0.5,0.1,128
391,0.001,7248,0.5,0.0001,256
392,1e-05,1758,0.9,0.01,128
393,0.1,8604,0.9,0.0001,512
394,0.0001,1358,0.9,0.01,128
395,0.01,2021,0.1,0.1,128
396,0.001,10719,0.5,0.01,256
397,0.01,1190,0.5,0.0001,16
398,0.01,5923,0.1,0.01,512
399,1e-05,3496,0.5,0.01,128
400,0.0001,11514,0.1,0.1,512
401,0.001,8419,0.1,0.0001,256
402,0.1,7432,0.9,0.0001,16
403,0.0001,1727,0.5,0.0001,128
404,0.0001,10366,0.9,0.01,16
405,1e-05,9895,0.5,0.0001,256
406,1e-05,5284,0.9,0.001,256
407,0.1,1176,0.9,0.01,256
408,1e-05,1944,0.9,0.01,256
409,0.01,65,0.9,0.01,128
410,1e-05,6219,0.9,0.1,16
411,0.001,10745,0.5,0.0001,32
412,0.01,4585,0.5,0.01,32
413,0.0001,4630,0.1,0.0001,128
414,0.01,8736,0.5,0.001,256
415,0.0001,2000,0.1,0.01,512
416,1e-05,2128,0.5,0.0001,16
417,0.0001,4198,0.1,0.1,64
418,0.01,8452,0.9,0.01,512
419,1e-05,11156,0.5,0.1,512
420,0.0001,7106,0.5,0.1,32
421,1e-05,3102,0.9,0.1,16
422,0.0001,4239,0.9,0.0001,512
423,0.0001,6859,0.1,0.1,128
424,0.1,6373,0.5,0.01,256
425,1e-05,11664,0.9,0.0001,32
426,1e-05,5527,0.1,0.1,64
427,0.001,5321,0.9,0.01,32
428,1e-05,8792,0.5,0.01,512
429,0.01,4981,0.1,0.01,256
430,0.01,107,0.9,0.1,512
431,0.01,10563,0.9,0.0001,64
432,0.1,11100,0.5,0.0001,128
433,0.001,9037,0.9,0.001,256
434,0.001,3700,0.9,0.01,512
435,0.0001,4316,0.1,0.0001,512
436,0.01,9247,0.5,0.1,512
437,0.01,1104,0.5,0.01,16
438,1e-05,11973,0.9,0.1,256
439,1e-05,11958,0.1,0.1,512
440,0.01,3891,0.9,0.001,32
441,0.0001,10562,0.9,0.0001,512
442,0.0001,7467,0.9,0.0001,128
443,1e-05,4087,0.1,0.1,512
444,0.001,728,0.5,0.1,128
445,0.0001,1978,0.1,0.01,64
446,1e-05,1668,0.1,0.001,512
447,0.001,3972,0.5,0.001,128
448,1e-05,3555,0.1,0.001,16
449,0.01,9297,0.1,0.001,128
450,0.1,1498,0.5,0.0001,32
451,0.01,238,0.9,0.01,32
452,0.1,8666,0.9,0.001,512
453,0.01,1951,0.9,0.0001,256
454,0.0001,10727,0.9,0.01,16
455,1e-05,7674,0.9,0.0001,256
456,0.0001,6481,0.5,0.1,512
457,0.1,1752,0.9,0.1,512
458,0.01,11131,0.9,0.001,256
459,0.01,7240,0.9,0.001,64
460,1e-05,11272,0.5,0.0001,128
461,0.1,2925,0.1,0.01,128
462,1e-05,9166,0.9,0.01,16
463,0.001,2479,0.5,0.1,32
464,0.01,7246,0.9,0.1,64
465,0.0001,11643,0.9,0.1,16
466,0.01,7462,0.9,0.01,16
467,1e-05,1012,0.5,0.0001,512
468,1e-05,8513,0.1,0.1,256
469,0.001,3536,0.5,0.1,32
470,0.01,5328,0.1,0.1,32
471,0.1,6716,0.5,0.0001,64
472,1e-05,6908,0.1,0.01,16
473,1e-05,7015,0.5,0.01,128
474,1e-05,5358,0.1,0.0001,16
475,0.01,2347,0.5,0.001,64
476,0.01,5774,0.1,0.0001,256
477,1e-05,5669,0.5,0.01,16
478,0.1,5814,0.1,0.0001,32
479,0.0001,5100,0.5,0.0001,512
480,1e-05,3898,0.5,0.01,64
481,0.001,9571,0.5,0.001,512
482,0.01,11216,0.5,0.001,256
483,0.01,2981,0.1,0.0001,64
484,0.1,6738,0.5,0.0001,128
485,0.1,3828,0.5,0.01,256
486,0.001,1012,0.9,0.001,16
487,0.001,9462,0.1,0.001,128
488,0.0001,6795,0.5,0.0001,512
489,0.01,3098,0.5,0.01,512
490,0.001,5706,0.9,0.01,256
491,0.0001,9108,0.9,0.1,32
492,0.01,2280,0.5,0.01,64
493,0.001,8210,0.5,0.0001,32
494,1e-05,1430,0.1,0.01,64
495,1e-05,1060,0.5,0.0001,128
496,0.001,11113,0.1,0.01,64
497,0.001,6967,0.5,0.0001,64
498,0.01,4253,0.5,0.1,256
499,0.001,7688,0.5,0.01,256
500,1e-05,714,0.5,0.01,16
501,0.1,6627,0.1,0.001,128
502,0.01,3631,0.9,0.0001,32
503,0.001,2958,0.9,0.1,64
504,0.01,10505,0.1,0.0001,16
505,0.0001,2684,0.5,0.01,64
506,1e-05,3652,0.5,0.01,128
507,0.001,7415,0.9,0.1,32
508,0.001,11177,0.1,0.01,256
509,1e-05,3646,0.5,0.01,256
510,0.01,6545,0.5,0.0001,128
511,1e-05,5039,0.9,0.001,128
512,0.001,101,0.9,0.1,512
513,1e-05,8155,0.9,0.0001,16
514,0.001,5573,0.9,0.01,128
515,0.1,659,0.9,0.0001,64
516,0.0001,9880,0.1,0.1,256
517,0.01,11160,0.9,0.0001,512
518,0.001,4805,0.5,0.1,32
519,1e-05,5300,0.1,0.1,512
520,0.001,2253,0.5,0.0001,32
521,0.001,3512,0.9,0.01,16
522,0.01,1738,0.5,0.001,512
523,0.0001,3555,0.5,0.01,512
524,0.01,4833,0.1,0.1,64
525,0.001,10182,0.1,0.01,512
526,0.0001,3999,0.1,0.0001,128
527,0.0001,8079,0.9,0.0001,64
528,0.1,2229,0.5,0.01,256
529,0.001,480,0.9,0.0001,16
530,0.01,5317,0.5,0.01,32
531,0.0001,7216,0.9,0.001,128
532,0.01,7523,0.9,0.01,128
533,0.01,7055,0.1,0.1,16
534,0.1,7609,0.5,0.01,32
535,0.0001,4040,0.1,0.001,256
536,0.001,4547,0.9,0.1,256
537,0.001,8888,0.1,0.1,256
538,0.001,2946,0.1,0.1,32
539,0.001,2938,0.5,0.01,256
540,0.01,10679,0.1,0.1,512
541,0.1,6077,0.1,0.01,32
542,0.001,5542,0.1,0.0001,16
543,0.001,10329,0.5,0.01,512
544,0.001,2588,0.9,0.001,512
545,0.0001,10563,0.5,0.0001,16
546,0.0001,3031,0.1,0.001,64
547,1e-05,3046,0.9,0.0001,16
548,0.0001,5323,0.9,0.001,64
549,0.1,638,0.9,0.1,32
550,1e-05,8272,0.1,0.001,256
551,0.01,4309,0.5,0.01,64
552,0.01,2259,0.1,0.01,256
553,0.1,80,0.1,0.0001,16
554,0.01,696,0.5,0.1,32
555,1e-05,8464,0.5,0.001,64
556,0.001,10503,0.9,0.0001,128
557,1e-05,3268,0.9,0.001,256
558,0.01,8654,0.9,0.0001,16
559,0.01,2883,0.5,0.001,512
560,0.001,10538,0.1,0.0001,512
561,0.0001,1468,0.1,0.01,32
562,0.0001,3453,0.1,0.01,512
563,0.0001,6351,0.9,0.0001,256
564,0.01,704,0.9,0.0001,32
565,0.001,1247,0.1,0.1,16
566,0.1,4095,0.5,0.01,512
567,0.01,6438,0.5,0.0001,16
568,1e-05,383,0.9,0.001,256
569,0.001,9377,0.5,0.01,32
570,0.01,1607,0.9,0.0001,256
571,0.01,5630,0.9,0.01,16
572,0.001,6963,0.5,0.01,256
573,0.1,8413,0.9,0.1,256
574,0.1,3102,0.1,0.1,128
575,0.0001,3714,0.9,0.01,128
576,0.01,11949,0.1,0.001,64
577,0.1,613,0.5,0.0001,128
578,0.01,5099,0.1,0.1,256
579,1e-05,336,0.9,0.01,16
580,0.1,11338,0.5,0.01,128
581,0.01,4258,0.5,0.0001,256
582,0.01,4134,0.9,0.01,512
583,0.0001,6805,0.5,0.0001,64
584,0.0001,3165,0.9,0.001,16
585,0.0001,9473,0.1,0.1,256
586,0.1,5471,0.9,0.001,16
587,0.01,5720,0.9,0.0001,512
588,0.01,250,0.5,0.1,512
589,0.001,8067,0.9,0.1,128
590,0.001,3507,0.9,0.001,16
591,0.001,2044,0.1,0.1,16
592,0.1,10723,0.1,0.01,128
593,0.001,10750,0.5,0.001,128
594,0.01,8826,0.5,0.1,32
595,0.001,2449,0.9,0.01,64
596,0.01,6607,0.5,0.1,32
597,1e-05,2175,0.5,0.001,16
598,0.1,938,0.9,0.1,512
599,0.1,9537,0.9,0.1,16
600,0.001,11190,0.9,0.0001,64
601,0.0001,7303,0.1,0.1,32
602,0.1,2035,0.1,0.01,128
603,0.001,11323,0.5,0.0001,64
604,0.0001,8670,0.1,0.1,256
605,1e-05,1008,0.1,0.1,32
606,0.0001,10994,0.1,0.01,64
607,0.1,10039,0.5,0.1,16
608,0.01,2925,0.5,0.01,512
609,0.0001,9879,0.1,0.01,64
610,0.0001,10255,0.9,0.01,128
611,0.0001,5772,0.5,0.1,16
612,0.1,1390,0.1,0.01,128
613,0.1,322,0.9,0.1,16
614,0.1,11503,0.5,0.01,256
615,0.001,1399,0.9,0.1,16
616,0.0001,9270,0.5,0.001,64
617,0.001,10529,0.9,0.001,32
618,0.001,2221,0.1,0.001,64
619,1e-05,1691,0.9,0.001,32
620,0.1,9158,0.1,0.1,32
621,0.001,6073,0.9,0.01,64
622,1e-05,10141,0.5,0.01,64
623,0.0001,8319,0.9,0.0001,64
624,0.0001,2296,0.1,0.001,512
625,0.0001,2055,0.1,0.1,512
626,0.001,8471,0.1,0.001,128
627,0.1,1424,0.5,0.1,256
628,0.0001,5026,0.5,0.0001,128
629,0.1,9209,0.5,0.1,512
630,1e-05,6373,0.5,0.0001,16
631,0.01,4917,0.5,0.01,512
632,1e-05,10440,0.9,0.001,32
633,0.01,4094,0.9,0.1,64
634,0.0001,8171,0.9,0.001,128
635,0.01,5231,0.1,0.0001,256
636,0.001,9694,0.5,0.01,512
637,0.1,4573,0.9,0.01,32
638,0.1,773,0.9,0.0001,128
639,0.1,1070,0.5,0.001,256
640,0.1,498,0.9,0.01,512
641,0.0001,9910,0.9,0.1,32
642,1e-05,204,0.9,0.0001,128
643,0.1,11388,0.1,0.1,128
644,0.01,1524,0.9,0.0001,128
645,0.001,2806,0.1,0.001,32
646,0.01,4517,0.1,0.01,512
647,0.01,1487,0.9,0.0001,64
648,0.1,3511,0.1,0.001,32
649,1e-05,7121,0.5,0.1,16
650,0.0001,7026,0.5,0.0001,32
651,0.0001,1532,0.5,0.0001,16
652,0.001,7601,0.5,0.1,64
653,0.0001,9501,0.1,0.1,32
654,0.0001,10241,0.9,0.01,64
655,0.1,4322,0.1,0.0001,256
656,0.001,5284,0.5,0.0001,256
657,0.1,9730,0.5,0.0001,512
658,0.01,11606,0.5,0.0001,16
659,1e-05,6053,0.5,0.1,16
660,0.1,2061,0.1,0.1,128
661,0.01,7651,0.1,0.0001,256
662,0.001,3100,0.9,0.01,32
663,0.0001,8359,0.9,0.1,32
664,0.1,555,0.5,0.1,128
665,0.1,7809,0.9,0.0001,128
666,0.1,92,0.9,0.0001,512
667,0.1,6522,0.1,0.0001,128
668,0.01,10034,0.1,0.0001,32
669,1e-05,5871,0.9,0.01,128
670,0.1,10500,0.9,0.01,256
671,1e-05,9402,0.5,0.01,16
672,0.0001,7003,0.1,0.001,64
673,1e-05,3580,0.5,0.001,64
674,0.01,4207,0.5,0.1,512
675,1e-05,4775,0.1,0.001,32
676,0.0001,4644,0.9,0.1,64
677,0.01,8198,0.5,0.001,512
678,0.01,9620,0.1,0.01,128
679,0.1,4252,0.5,0.0001,16
680,1e-05,4655,0.1,0.0001,16
681,0.1,10742,0.9,0.01,128
682,0.001,14,0.9,0.001,128
683,1e-05,6547,0.1,0.1,16
684,0.1,4121,0.1,0.1,64
685,0.0001,2565,0.1,0.001,32
686,0.01,11428,0.9,0.01,128
687,0.001,4504,0.9,0.0001,32
688,0.001,4738,0.5,0.0001,32
689,0.001,4231,0.5,0.01,32
690,0.001,10906,0.1,0.1,32
691,1e-05,248,0.5,0.01,16
692,0.1,3948,0.5,0.001,512
693,0.1,8957,0.1,0.001,32
694,0.001,9418,0.1,0.001,256
695,0.01,10714,0.1,0.0001,128
696,0.01,9178,0.9,0.01,16
697,0.01,7072,0.5,0.0001,128
698,0.001,1777,0.1,0.1,512
699,0.1,1418,0.9,0.01,32
700,0.001,238,0.5,0.0001,128
701,0.0001,1681,0.9,0.1,16
702,0.0001,1773,0.5,0.0001,512
703,0.0001,6681,0.9,0.1,128
704,1e-05,2651,0.9,0.001,32
705,0.0001,10553,0.9,0.0001,256
706,0.001,135,0.1,0.1,16
707,1e-05,6847,0.1,0.001,256
708,0.1,6291,0.5,0.01,32
709,0.01,7930,0.9,0.1,128
710,0.001,9239,0.9,0.01,64
711,0.001,5590,0.1,0.01,16
712,0.01,9874,0.1,0.0001,128
713,0.01,1540,0.1,0.1,512
714,0.001,2023,0.9,0.001,32
715,0.01,3363,0.1,0.0001,256
716,0.0001,3564,0.1,0.001,128
717,0.1,9026,0.9,0.01,16
718,0.0001,952,0.5,0.001,16
719,0.01,10019,0.1,0.0001,256
720,1e-05,6364,0.5,0.0001,256
721,0.01,864,0.5,0.0001,16
722,1e-05,7543,0.9,0.01,32
723,1e-05,10896,0.1,0.001,32
724,0.0001,10562,0.9,0.0001,128
725,0.0001,2803,0.9,0.0001,32
726,0.1,4981,0.9,0.0001,32
727,0.01,6098,0.9,0.001,32
728,0.001,8552,0.5,0.001,16
729,0.01,9023,0.9,0.0001,64
730,0.001,685,0.1,0.0001,256
731,0.001,7202,0.9,0.1,32
732,1e-05,6330,0.1,0.1,16
733,1e-05,5185,0.1,0.01,16
734,0.01,8758,0.9,0.1,128
735,0.1,7594,0.9,0.0001,512
736,0.0001,8616,0.1,0.01,16
737,1e-05,11821,0.1,0.001,128
738,0.001,3778,0.1,0.01,16
739,0.0001,11918,0.1,0.1,512
740,1e-05,6848,0.5,0.001,256
741,0.001,11340,0.5,0.1,16
742,1e-05,2920,0.1,0.01,256
743,0.0001,1059,0.1,0.1,64
744,0.001,6044,0.1,0.0001,128
745,0.01,5956,0.9,0.0001,512
746,0.1,3853,0.1,0.1,128
747,0.001,8959,0.9,0.0001,128
748,0.001,1333,0.5,0.0001,32
749,0.1,6729,0.5,0.1,32
750,0.01,6500,0.5,0.001,64
751,0.01,9083,0.5,0.0001,256
752,0.0001,1947,0.1,0.0001,512
753,0.01,883,0.9,0.1,32
754,0.1,5318,0.1,0.01,16
755,1e-05,9952,0.9,0.1,128
756,0.01,5300,0.1,0.001,512
757,0.001,11449,0.1,0.001,512
758,0.0001,2500,0.1,0.01,32
759,0.01,3404,0.9,0.0001,16
760,0.1,11192,0.1,0.01,32
761,0.1,8724,0.1,0.0001,64
762,0.01,11149,0.9,0.1,64
763,0.1,7221,0.9,0.01,64
764,0.1,9035,0.9,0.0001,256
765,0.001,5056,0.9,0.001,512
766,0.001,6634,0.9,0.0001,32
767,1e-05,5108,0.5,0.0001,512
768,0.1,8448,0.9,0.01,16
769,0.1,8661,0.5,0.01,512
770,0.0001,8527,0.9,0.001,32
771,0.0001,9384,0.9,0.001,64
772,1e-05,9947,0.5,0.0001,32
773,0.001,7201,0.5,0.01,256
774,1e-05,10075,0.1,0.001,512
775,0.1,8493,0.1,0.01,128
776,0.0001,5235,0.1,0.001,256
777,0.1,11074,0.1,0.01,256
778,0.001,4252,0.5,0.0001,512
779,0.1,5817,0.5,0.01,128
780,0.1,9749,0.9,0.001,128
781,0.01,2845,0.1,0.001,32
782,0.1,10791,0.1,0.001,32
783,1e-05,5883,0.1,0.0001,128
784,0.0001,1556,0.1,0.001,64
785,0.01,1907,0.9,0.01,256
786,0.1,474,0.1,0.01,256
787,0.0001,9053,0.9,0.001,16
788,0.1,11335,0.9,0.001,512
789,0.0001,7720,0.5,0.0001,64
790,1e-05,11571,0.1,0.01,128
791,1e-05,2295,0.1,0.001,256
792,0.1,8696,0.1,0.01,512
793,1e-05,5591,0.1,0.01,32
794,1e-05,4402,0.1,0.001,512
795,0.01,2545,0.9,0.01,64
796,0.001,7898,0.5,0.01,64
797,0.001,4326,0.1,0.001,128
798,0.001,6879,0.9,0.1,32
799,0.01,11598,0.5,0.001,256
800,0.1,2241,0.5,0.001,256
801,1e-05,4704,0.9,0.01,32
802,0.01,7578,0.5,0.01,512
803,1e-05,7527,0.9,0.001,256
804,0.1,4023,0.9,0.0001,128
805,0.01,7888,0.5,0.01,64
806,0.01,5700,0.1,0.1,256
807,0.01,11951,0.9,0.1,32
808,0.01,1093,0.1,0.01,64
809,1e-05,1595,0.1,0.1,256
810,0.01,1221,0.9,0.0001,16
811,1e-05,8022,0.5,0.001,256
812,0.1,10003,0.9,0.001,256
813,0.001,5538,0.5,0.001,64
814,0.1,8030,0.5,0.1,64
815,0.001,4940,0.5,0.0001,128
816,0.01,3555,0.9,0.01,256
817,0.1,2006,0.1,0.01,128
818,1e-05,10551,0.9,0.01,128
819,0.1,5669,0.1,0.01,16
820,0.1,8545,0.9,0.001,32
821,0.0001,814,0.5,0.001,256
822,0.0001,5300,0.9,0.01,256
823,0.1,11815,0.9,0.01,64
824,1e-05,8581,0.5,0.1,256
825,0.001,3215,0.5,0.0001,16
826,0.1,11112,0.9,0.01,32
827,0.001,9665,0.5,0.01,64
828,1e-05,1177,0.9,0.0001,16
829,0.0001,331,0.1,0.1,16
830,0.01,2137,0.9,0.1,16
831,0.0001,1033,0.9,0.0001,128
832,0.0001,2306,0.5,0.1,64
833,0.001,6485,0.5,0.1,128
834,0.01,8160,0.1,0.0001,256
835,0.1,11535,0.5,0.01,256
836,0.1,8343,0.9,0.01,128
837,1e-05,10139,0.9,0.0001,32
838,1e-05,10886,0.1,0.1,512
839,0.0001,11752,0.5,0.0001,32
840,1e-05,4063,0.9,0.01,16
841,0.001,2894,0.5,0.001,128
842,1e-05,7889,0.1,0.1,32
843,0.0001,3743,0.9,0.01,16
844,0.1,4213,0.5,0.001,256
845,0.001,4225,0.5,0.01,256
846,0.001,7854,0.1,0.01,128
847,0.0001,11221,0.5,0.0001,128
848,0.1,4464,0.1,0.1,64
849,0.01,4864,0.5,0.01,256
850,0.0001,10283,0.9,0.001,512
851,0.001,2918,0.9,0.01,16
852,0.0001,1177,0.1,0.01,256
853,0.0001,2852,0.5,0.001,512
854,0.0001,7645,0.9,0.1,256
855,0.1,9890,0.1,0.1,64
856,1e-05,5508,0.5,0.001,128
857,1e-05,7126,0.5,0.001,64
858,0.01,3681,0.9,0.001,16
859,0.0001,9655,0.5,0.01,16
860,0.001,10939,0.9,0.1,64
861,0.0001,6282,0.9,0.01,16
862,0.01,8561,0.1,0.0001,256
863,0.001,11434,0.1,0.001,256
864,0.001,8875,0.9,0.0001,32
865,0.001,7008,0.5,0.1,512
866,0.1,7747,0.5,0.01,64
867,0.0001,5867,0.9,0.01,32
868,0.01,11486,0.5,0.001,32
869,0.1,217,0.5,0.1,128
870,0.0001,3617,0.5,0.0001,512
871,1e-05,4306,0.9,0.0001,64
872,0.01,9451,0.5,0.1,64
873,0.01,9835,0.1,0.1,128
874,1e-05,7306,0.5,0.001,32
875,0.01,10250,0.1,0.0001,32
876,0.01,4324,0.5,0.01,128
877,0.0001,11649,0.5,0.1,32
878,0.001,5799,0.9,0.01,512
879,1e-05,4708,0.1,0.0001,256
880,1e-05,939,0.9,0.01,256
881,1e-05,3680,0.1,0.01,512
882,0.001,6284,0.1,0.0001,128
883,0.001,5096,0.9,0.001,32
884,0.001,7060,0.1,0.1,32
885,1e-05,8528,0.1,0.01,512
886,0.0001,6090,0.1,0.1,16
887,0.0001,3963,0.1,0.0001,16
888,0.1,1468,0.5,0.001,32
889,0.1,7011,0.9,0.1,128
890,0.1,2429,0.5,0.001,128
891,0.001,10450,0.5,0.01,256
892,0.1,2567,0.9,0.0001,512
893,0.0001,3779,0.9,0.001,32
894,0.0001,11521,0.1,0.01,256
895,0.1,11720,0.9,0.1,128
896,0.01,8178,0.9,0.1,256
897,0.001,11320,0.9,0.001,512
898,0.0001,3390,0.9,0.01,512
899,0.01,4844,0.5,0.001,16
900,1e-05,3852,0.5,0.01,256
901,0.001,10857,0.9,0.01,128
902,0.0001,9294,0.1,0.001,64
903,1e-05,9673,0.1,0.1,16
904,0.001,8732,0.9,0.1,16
905,1e-05,9117,0.1,0.1,32
906,0.001,2419,0.9,0.01,512
907,1e-05,3888,0.9,0.01,128
908,0.0001,7920,0.9,0.0001,64
909,1e-05,8729,0.9,0.001,512
910,0.1,6354,0.5,0.01,512
911,0.0001,6963,0.9,0.01,32
912,0.0001,1070,0.1,0.001,64
913,0.0001,8991,0.9,0.01,64
914,0.01,5735,0.1,0.1,256
915,0.1,9439,0.1,0.01,32
916,0.1,6209,0.5,0.1,256
917,0.0001,8637,0.5,0.01,512
918,0.001,165,0.9,0.0001,128
919,1e-05,9182,0.9,0.001,64
920,1e-05,7180,0.1,0.001,256
921,0.1,4612,0.5,0.01,512
922,0.001,4593,0.5,0.01,128
923,1e-05,3710,0.1,0.1,256
924,0.01,3243,0.5,0.0001,16
925,0.1,10008,0.1,0.0001,32
926,0.0001,5348,0.1,0.01,128
927,1e-05,26,0.5,0.1,256
928,0.1,1142,0.9,0.001,256
929,0.0001,9619,0.5,0.001,64
930,0.1,9547,0.9,0.001,16
931,0.001,10465,0.5,0.01,16
932,0.0001,10989,0.9,0.01,128
933,1e-05,5843,0.5,0.1,512
934,1e-05,427,0.9,0.01,64
935,0.1,3607,0.5,0.001,32
936,1e-05,11977,0.9,0.0001,32
937,0.0001,1749,0.5,0.1,16
938,0.1,563,0.9,0.0001,256
939,0.0001,3975,0.9,0.01,16
940,1e-05,8433,0.9,0.01,64
941,0.01,2242,0.5,0.1,16
942,0.1,9746,0.1,0.0001,32
943,0.0001,8272,0.5,0.1,512
944,0.01,7886,0.1,0.01,64
945,0.1,2442,0.5,0.0001,512
946,1e-05,9316,0.1,0.1,64
947,0.001,10450,0.1,0.0001,64
948,0.001,9347,0.5,0.1,256
949,0.0001,8384,0.1,0.01,16
950,1e-05,5792,0.1,0.1,64
951,1e-05,5591,0.5,0.0001,16
952,0.0001,7289,0.1,0.001,512
953,0.01,3302,0.9,0.01,256
954,0.01,3575,0.9,0.01,64
955,0.1,9051,0.5,0.1,64
956,0.1,3107,0.9,0.001,128
957,1e-05,5043,0.5,0.001,64
958,0.1,5913,0.9,0.001,128
959,0.001,5280,0.1,0.01,256
960,0.0001,770,0.1,0.1,64
961,1e-05,5776,0.9,0.01,512
962,0.0001,389,0.9,0.1,512
963,0.01,6018,0.5,0.0001,16
964,0.001,11236,0.5,0.0001,64
965,0.1,4735,0.1,0.1,64
966,1e-05,10493,0.5,0.001,64
967,0.01,6051,0.5,0.1,512
968,0.1,10716,0.5,0.001,256
969,0.001,3361,0.9,0.01,128
970,0.1,7848,0.9,0.1,128
971,1e-05,9208,0.9,0.0001,32
972,0.01,4583,0.9,0.001,16
973,0.01,11722,0.1,0.0001,256
974,0.1,5181,0.5,0.0001,128
975,0.001,8488,0.5,0.01,512
976,0.1,11347,0.5,0.0001,16
977,1e-05,5317,0.1,0.1,32
978,0.0001,63,0.5,0.0001,32
979,1e-05,10910,0.5,0.1,256
980,0.0001,1973,0.5,0.1,256
981,0.01,9370,0.5,0.1,32
982,0.1,10985,0.5,0.001,32
983,0.001,1369,0.9,0.0001,64
984,0.1,4112,0.5,0.001,128
985,0.1,513,0.5,0.01,128
986,1e-05,8007,0.1,0.0001,64
987,0.0001,1691,0.1,0.001,16
988,0.01,2618,0.9,0.01,128
989,0.001,691,0.5,0.01,256
990,0.001,1082,0.9,0.01,512
991,0.0001,11351,0.9,0.1,16
992,0.0001,10245,0.1,0.0001,16
993,0.01,6239,0.9,0.0001,512
994,0.1,4301,0.1,0.0001,512
995,1e-05,3629,0.5,0.001,256
996,0.0001,11522,0.5,0.001,512
997,0.0001,5295,0.9,0.01,32
998,0.0001,8811,0.1,0.1,512
999,0.001,6442,0.1,0.1,16
1000,0.1,168,0.5,0.0001,64
1001,0.01,5833,0.1,0.001,32
1002,0.1,4721,0.1,0.1,256
1003,0.0001,695,0.1,0.01,16
1004,0.01,4056,0.9,0.1,32
1005,0.001,6351,0.9,0.1,16
1006,0.1,6143,0.1,0.01,16
1007,0.001,5587,0.5,0.0001,64
1008,0.001,1989,0.5,0.01,32
1009,1e-05,7584,0.5,0.01,256
1010,1e-05,11210,0.1,0.01,256
1011,0.1,3664,0.9,0.1,64
1012,0.001,7786,0.9,0.01,128
1013,0.0001,7206,0.9,0.0001,32
1014,0.0001,2179,0.1,0.1,32
1015,0.0001,4741,0.9,0.1,256
1016,0.001,7924,0.9,0.001,32
1017,1e-05,3633,0.1,0.01,16
1018,0.001,9732,0.9,0.1,16
1019,0.1,10295,0.9,0.01,512
1020,0.001,10423,0.5,0.001,32
1021,0.01,9037,0.5,0.1,16
1022,0.01,11001,0.1,0.01,16
1023,0.01,2398,0.1,0.001,64
1024,0.01,10255,0.5,0.01,256
1025,1e-05,407,0.1,0.001,128
1026,0.001,1672,0.5,0.1,128
1027,0.01,5353,0.9,0.0001,256
1028,1e-05,6073,0.5,0.01,32
1029,0.01,3883,0.9,0.1,16
1030,0.1,10350,0.9,0.0001,64
1031,0.01,6918,0.1,0.01,32
1032,0.001,5390,0.9,0.01,32
1033,0.1,4372,0.1,0.1,128
1034,0.01,9441,0.9,0.001,512
1035,0.0001,11699,0.1,0.0001,256
1036,0.1,7150,0.5,0.001,512
1037,0.1,999,0.1,0.1,128
1038,1e-05,10840,0.5,0.0001,256
1039,1e-05,814,0.5,0.1,32
1040,0.1,2182,0.9,0.001,256
1041,0.01,877,0.1,0.01,128
1042,0.001,7797,0.1,0.001,64
1043,0.1,7254,0.5,0.001,512
1044,0.0001,3596,0.9,0.1,128
1045,0.01,8358,0.1,0.001,64
1046,0.0001,3207,0.5,0.1,16
1047,0.01,6283,0.9,0.01,256
1048,0.01,1797,0.5,0.01,16
1049,0.001,950,0.9,0.01,512
1050,1e-05,7518,0.5,0.0001,256
1051,0.0001,11458,0.1,0.01,256
1052,0.1,4485,0.1,0.001,512
1053,0.0001,6141,0.9,0.001,128
1054,0.001,10380,0.5,0.01,32
1055,0.01,6423,0.9,0.001,128
1056,0.01,3594,0.9,0.0001,512
1057,1e-05,8515,0.1,0.0001,128
1058,0.0001,8814,0.5,0.01,16
1059,1e-05,11087,0.1,0.0001,32
1060,0.0001,2921,0.1,0.0001,128
1061,0.001,3694,0.5,0.1,256
1062,0.0001,1263,0.9,0.0001,256
1063,0.01,943,0.9,0.0001,64
1064,0.01,6958,0.9,0.1,64
1065,1e-05,8515,0.9,0.0001,64
1066,1e-05,6654,0.1,0.001,512
1067,0.001,7767,0.1,0.001,128
1068,0.001,4820,0.5,0.0001,64
1069,0.0001,2108,0.9,0.001,256
1070,1e-05,836,0.9,0.1,16
1071,0.0001,8673,0.1,0.001,128
1072,0.01,11169,0.1,0.1,64
1073,1e-05,7971,0.5,0.001,128
1074,1e-05,4923,0.1,0.001,16
1075,0.01,5046,0.5,0.0001,64
1076,0.001,11204,0.5,0.001,512
1077,1e-05,748,0.1,0.01,64
1078,0.001,1644,0.1,0.01,512
1079,0.01,1778,0.1,0.001,256
1080,0.01,11600,0.5,0.0001,32
1081,0.001,2676,0.1,0.1,256
1082,1e-05,8314,0.5,0.001,16
1083,0.01,598,0.9,0.001,256
1084,0.001,216,0.9,0.01,512
1085,0.1,7009,0.9,0.01,256
1086,1e-05,1230,0.5,0.0001,16
1087,0.0001,6841,0.5,0.001,128
1088,0.01,3944,0.1,0.1,16
1089,1e-05,5500,0.1,0.01,128
1090,1e-05,11149,0.5,0.01,256
1091,0.1,7910,0.5,0.001,32
1092,1e-05,10612,0.1,0.1,512
1093,0.1,3726,0.1,0.1,512
1094,1e-05,2811,0.9,0.0001,16
1095,0.001,3204,0.9,0.1,16
1096,0.001,5988,0.5,0.0001,32
1097,1e-05,7855,0.5,0.001,512
1098,0.01,7271,0.9,0.1,16
1099,1e-05,11158,0.9,0.1,256
1100,0.01,8329,0.1,0.01,64
1101,0.001,1694,0.5,0.001,64
1102,0.01,9686,0.1,0.001,512
1103,0.1,7052,0.1,0.1,128
1104,0.01,142,0.1,0.1,128
1105,0.1,5797,0.9,0.0001,128
1106,1e-05,11454,0.9,0.01,512
1107,0.001,11584,0.9,0.1,512
1108,1e-05,7125,0.9,0.01,512
1109,0.001,7859,0.5,0.01,16
1110,0.1,30,0.9,0.001,32
1111,0.0001,11430,0.5,0.01,512
1112,0.0001,8739,0.5,0.1,128
1113,0.01,10674,0.5,0.1,64
1114,1e-05,6456,0.1,0.001,128
1115,0.01,7324,0.1,0.0001,256
1116,0.0001,1374,0.1,0.1,128
1117,0.01,6024,0.9,0.0001,32
1118,0.1,9249,0.5,0.0001,256
1119,0.001,11916,0.1,0.01,64
1120,1e-05,5977,0.9,0.1,64
1121,0.01,9429,0.1,0.0001,128
1122,0.1,1847,0.1,0.1,16
1123,0.0001,3340,0.1,0.1,16
1124,0.1,9513,0.9,0.0001,256
1125,0.1,2092,0.1,0.1,32
1126,0.001,1066,0.5,0.0001,32
1127,1e-05,9590,0.1,0.0001,32
1128,0.001,9294,0.9,0.0001,16
1129,1e-05,7542,0.1,0.01,16
1130,0.01,11409,0.9,0.1,512
1131,0.1,1745,0.9,0.001,256
1132,0.0001,6034,0.9,0.1,128
1133,1e-05,2155,0.1,0.001,32
1134,0.1,3374,0.5,0.01,128
1135,0.1,3784,0.1,0.1,16
1136,1e-05,8237,0.5,0.001,512
1137,1e-05,10519,0.1,0.01,512
1138,1e-05,2087,0.9,0.0001,128
1139,0.01,2282,0.5,0.01,16
1140,0.1,6512,0.5,0.1,32
1141,1e-05,4810,0.5,0.001,128
1142,1e-05,5020,0.1,0.1,512
1143,0.0001,4712,0.9,0.0001,32
1144,0.0001,437,0.9,0.001,16
1145,0.01,5478,0.9,0.001,256
1146,0.1,9692,0.1,0.001,512
1147,0.01,1310,0.9,0.001,32
1148,0.001,7040,0.9,0.01,32
1149,0.0001,5054,0.9,0.0001,16
1150,1e-05,11137,0.1,0.0001,128
1151,0.001,4759,0.9,0.0001,512
1152,0.001,2908,0.5,0.0001,64
1153,0.0001,8131,0.1,0.1,512
1154,0.1,10036,0.1,0.0001,256
1155,0.01,3379,0.5,0.0001,16
1156,0.001,11019,0.1,0.01,256
1157,0.0001,9663,0.5,0.001,16
1158,0.1,5790,0.1,0.1,64
1159,0.01,5910,0.1,0.01,64
1160,0.001,1731,0.9,0.01,512
1161,0.0001,8268,0.9,0.0001,256
1162,0.1,3900,0.9,0.001,32
1163,1e-05,1562,0.9,0.01,512
1164,0.01,1011,0.9,0.1,64
1165,0.01,11168,0.1,0.001,64
1166,0.0001,6940,0.1,0.0001,16
1167,0.01,9805,0.9,0.001,256
1168,1e-05,8322,0.5,0.001,64
1169,0.001,4142,0.1,0.0001,128
1170,0.001,11953,0.9,0.0001,128
1171,1e-05,6847,0.5,0.01,128
1172,0.0001,2207,0.9,0.01,16
1173,0.1,5460,0.9,0.001,16
1174,0.0001,523,0.9,0.001,128
1175,0.0001,2048,0.1,0.1,128
1176,0.01,2760,0.1,0.1,256
1177,0.01,590,0.5,0.01,32
1178,0.001,270,0.1,0.01,512
1179,0.001,3740,0.1,0.01,512
1180,1e-05,7835,0.5,0.01,512
1181,0.0001,5383,0.9,0.001,16
1182,0.0001,11541,0.9,0.1,256
1183,0.1,1081,0.5,0.1,16
1184,1e-05,10827,0.9,0.001,32
1185,0.1,9835,0.5,0.0001,256
1186,1e-05,9138,0.5,0.001,64
1187,0.001,8154,0.1,0.01,256
1188,0.01,3578,0.1,0.1,512
1189,0.1,8623,0.1,0.01,16
1190,0.1,5353,0.1,0.1,512
1191,0.001,8546,0.1,0.01,16
1192,0.1,5215,0.9,0.01,16
1193,0.01,6002,0.9,0.01,64
1194,0.0001,8767,0.5,0.01,128
1195,0.01,10531,0.1,0.01,32
1196,0.1,1041,0.1,0.1,64
1197,0.0001,11390,0.5,0.1,16
1198,0.01,2260,0.1,0.0001,16
1199,0.1,2041,0.9,0.01,32
1200,0.0001,11918,0.1,0.1,256
1201,1e-05,5322,0.1,0.001,128
1202,0.01,8060,0.1,0.1,512
1203,0.1,9639,0.9,0.001,32
1204,0.1,7244,0.1,0.1,512
1205,0.01,7659,0.5,0.01,16
1206,0.01,5468,0.9,0.001,32
1207,0.01,9045,0.5,0.0001,16
1208,0.001,3138,0.9,0.001,64
1209,0.0001,8811,0.9,0.0001,32
1210,0.01,10045,0.5,0.001,64
1211,0.01,5358,0.9,0.01,64
1212,0.01,1824,0.9,0.0001,64
1213,0.1,7853,0.1,0.01,256
1214,1e-05,9294,0.5,0.001,64
1215,1e-05,8084,0.5,0.01,256
1216,0.1,9774,0.1,0.0001,16
1217,0.001,514,0.1,0.001,64
1218,0.0001,8056,0.9,0.001,256
1219,0.1,9956,0.9,0.01,128
1220,0.001,9932,0.9,0.1,16
1221,0.001,10090,0.5,0.01,16
1222,0.0001,7937,0.9,0.1,64
1223,1e-05,2534,0.5,0.01,128
1224,0.0001,4412,0.5,0.01,16
1225,0.001,6946,0.5,0.01,256
1226,1e-05,8335,0.9,0.0001,512
1227,0.0001,8257,0.5,0.0001,128
1228,0.001,1794,0.9,0.01,16
1229,0.1,8798,0.1,0.01,32
1230,0.01,4265,0.1,0.001,256
1231,0.1,3612,0.9,0.01,512
1232,0.01,7540,0.5,0.01,128
1233,0.01,8607,0.9,0.0001,16
1234,1e-05,747,0.1,0.01,512
1235,0.001,10914,0.5,0.1,32
1236,0.1,3174,0.1,0.001,128
1237,1e-05,106,0.5,0.1,16
1238,0.0001,9793,0.1,0.0001,512
1239,0.01,11566,0.9,0.001,32
1240,1e-05,11528,0.1,0.01,128
1241,0.01,3084,0.5,0.01,16
1242,0.1,10585,0.5,0.01,32
1243,1e-05,4678,0.9,0.001,16
1244,0.0001,8844,0.1,0.001,64
1245,0.0001,9663,0.5,0.01,512
1246,0.0001,7334,0.1,0.001,64
1247,0.01,3712,0.9,0.0001,16
1248,0.0001,613,0.5,0.0001,32
1249,0.01,10924,0.5,0.0001,64
1250,0.001,7191,0.5,0.01,512
1251,0.001,11579,0.1,0.1,16
1252,0.001,8247,0.9,0.001,512
1253,1e-05,10560,0.1,0.0001,32
1254,0.1,599,0.5,0.1,64
1255,0.1,8510,0.5,0.1,256
1256,1e-05,11997,0.1,0.0001,512
1257,0.001,8579,0.5,0.01,64
1258,0.0001,7302,0.9,0.1,256
1259,1e-05,4790,0.5,0.01,32
1260,0.01,1829,0.1,0.1,16
1261,0.001,2741,0.5,0.1,128
1262,0.1,2787,0.5,0.1,128
1263,1e-05,3148,0.9,0.01,64
1264,1e-05,2991,0.1,0.1,256
1265,0.0001,9045,0.1,0.1,128
1266,0.0001,11465,0.5,0.001,256
1267,1e-05,10902,0.5,0.0001,64
1268,1e-05,6163,0.1,0.01,64
1269,0.001,8624,0.9,0.0001,512
1270,0.01,9275,0.1,0.001,128
1271,0.001,2987,0.1,0.01,128
1272,0.01,7494,0.5,0.001,256
1273,0.0001,6492,0.5,0.0001,32
1274,1e-05,7111,0.5,0.01,512
1275,0.1,7644,0.5,0.001,64
1276,0.0001,2125,0.1,0.1,128
1277,0.1,4808,0.1,0.001,32
1278,0.001,8270,0.5,0.0001,256
1279,0.001,1330,0.9,0.1,32
1280,1e-05,9111,0.5,0.001,16
1281,0.0001,4838,0.5,0.01,16
1282,0.001,467,0.5,0.0001,64
1283,0.1,1333,0.5,0.1,256
1284,0.001,4119,0.1,0.001,32
1285,0.01,667,0.5,0.1,64
1286,0.0001,589,0.9,0.0001,512
1287,1e-05,9241,0.1,0.0001,64
1288,0.1,9179,0.9,0.1,128
1289,1e-05,8939,0.1,0.001,16
1290,0.001,8293,0.5,0.0001,256
1291,0.01,4325,0.1,0.1,256
1292,0.1,4368,0.1,0.01,32
1293,0.0001,6141,0.9,0.1,32
1294,0.0001,8043,0.5,0.01,256
1295,0.1,10656,0.1,0.001,512
1296,1e-05,9573,0.1,0.01,64
1297,0.1,3896,0.1,0.001,32
1298,0.0001,11427,0.1,0.01,512
1299,1e-05,8971,0.9,0.001,16
1300,0.0001,10992,0.9,0.001,32
1301,0.01,4392,0.9,0.1,256
1302,1e-05,7587,0.1,0.001,128
1303,0.0001,10821,0.1,0.01,32
1304,0.01,2993,0.9,0.001,128
1305,0.0001,8453,0.5,0.001,128
1306,0.01,3751,0.9,0.01,32
1307,0.01,7148,0.1,0.001,64
1308,0.1,3403,0.1,0.01,512
1309,0.0001,1656,0.1,0.001,256
1310,0.1,7669,0.9,0.01,16
1311,1e-05,398,0.1,0.0001,256
1312,0.01,3593,0.5,0.0001,32
1313,0.01,3816,0.5,0.0001,16
1314,0.0001,3194,0.9,0.01,128
1315,1e-05,7523,0.1,0.01,512
1316,0.1,10859,0.9,0.1,128
1317,0.01,934,0.1,0.01,64
1318,0.1,11639,0.1,0.0001,256
1319,0.0001,1999,0.5,0.1,16
1320,0.01,11702,0.1,0.0001,32
1321,0.1,677,0.5,0.01,256
1322,1e-05,5718,0.1,0.01,16
1323,0.001,5196,0.9,0.001,64
1324,1e-05,3731,0.5,0.1,128
1325,0.001,6376,0.5,0.001,256
1326,0.0001,6003,0.9,0.001,256
1327,0.001,7975,0.1,0.001,128
1328,0.01,9876,0.1,0.001,128
1329,0.01,8810,0.9,0.0001,16
1330,0.0001,11307,0.9,0.1,32
1331,0.001,4527,0.1,0.01,128
1332,0.0001,6185,0.9,0.01,256
1333,0.01,2652,0.1,0.0001,512
1334,0.1,3709,0.1,0.1,512
1335,0.01,5241,0.5,0.1,32
1336,0.1,7719,0.9,0.001,64
1337,0.0001,4486,0.1,0.0001,16
1338,0.0001,8626,0.9,0.01,32
1339,0.01,9401,0.5,0.1,16
1340,0.0001,6688,0.1,0.1,16
1341,0.1,1989,0.5,0.1,64
1342,1e-05,1660,0.1,0.1,32
1343,0.01,5552,0.9,0.01,64
1344,0.1,1969,0.1,0.001,64
1345,0.001,5015,0.5,0.01,64
1346,0.1,8429,0.5,0.001,512
1347,0.0001,10172,0.1,0.0001,16
1348,0.001,8147,0.1,0.01,512
1349,0.0001,200,0.1,0.0001,32
1350,0.01,2216,0.1,0.1,64
1351,0.0001,782,0.1,0.001,64
1352,0.001,743,0.1,0.0001,64
1353,0.01,7546,0.9,0.1,128
1354,0.01,1132,0.9,0.01,32
1355,1e-05,6664,0.1,0.0001,16
1356,1e-05,5405,0.9,0.001,16
1357,0.1,871,0.1,0.01,16
1358,0.001,9701,0.1,0.1,32
1359,0.0001,9324,0.5,0.01,512
1360,0.001,8637,0.1,0.001,32
1361,1e-05,6742,0.1,0.01,512
1362,1e-05,7538,0.9,0.0001,64
1363,0.1,8146,0.5,0.0001,16
1364,0.001,7540,0.9,0.0001,16
1365,0.1,6254,0.9,0.1,128
1366,0.0001,5162,0.9,0.01,32
1367,0.001,1417,0.5,0.01,32
1368,0.0001,4218,0.1,0.001,256
1369,0.1,9809,0.1,0.001,512
1370,0.0001,676,0.1,0.1,128
1371,1e-05,1734,0.5,0.01,64
1372,0.001,6624,0.9,0.1,512
1373,0.001,6563,0.1,0.001,32
1374,1e-05,7672,0.1,0.01,256
1375,0.001,4546,0.5,0.0001,256
1376,0.01,4067,0.1,0.0001,128
1377,1e-05,2565,0.1,0.1,64
1378,0.01,10595,0.1,0.001,512
1379,0.0001,7162,0.9,0.01,512
1380,0.1,10920,0.1,0.1,16
1381,0.001,1985,0.5,0.1,64
1382,0.01,10821,0.5,0.001,256
1383,0.01,6327,0.1,0.1,128
1384,1e-05,4900,0.5,0.001,16
1385,0.01,1495,0.1,0.0001,128
1386,0.0001,7206,0.5,0.0001,256
1387,0.001,7856,0.5,0.1,16
1388,0.01,4726,0.1,0.0001,256
1389,0.1,4073,0.9,0.01,64
1390,0.001,9648,0.9,0.001,512
1391,1e-05,3412,0.9,0.01,32
1392,0.1,2303,0.9,0.001,32
1393,0.001,1870,0.5,0.0001,32
1394,0.0001,2056,0.9,0.1,32
1395,0.0001,8221,0.9,0.001,512
1396,0.0001,8493,0.9,0.0001,128
1397,0.001,10263,0.1,0.01,64
1398,1e-05,5366,0.9,0.01,64
1399,1e-05,6830,0.5,0.01,128
1400,1e-05,1712,0.9,0.0001,64
1401,0.1,5042,0.5,0.01,128
1402,1e-05,1836,0.5,0.0001,128
1403,0.1,9719,0.9,0.0001,128
1404,0.01,7168,0.5,0.001,32
1405,0.0001,9778,0.1,0.1,512
1406,1e-05,5209,0.5,0.1,16
1407,0.1,2283,0.5,0.01,512
1408,1e-05,8989,0.9,0.1,32
1409,0.01,2307,0.9,0.1,32
1410,0.1,4799,0.1,0.001,128
1411,0.01,97,0.1,0.0001,32
1412,1e-05,11813,0.1,0.01,16
1413,0.001,4874,0.5,0.1,128
1414,0.1,5177,0.5,0.1,512
1415,0.001,4761,0.1,0.0001,64
1416,1e-05,6439,0.1,0.001,256
1417,0.1,11289,0.9,0.0001,64
1418,0.001,9820,0.5,0.001,16
1419,0.001,3347,0.5,0.1,32
1420,0.0001,1,0.1,0.001,256
1421,0.1,7414,0.1,0.001,128
1422,0.01,7550,0.5,0.1,128
1423,1e-05,2161,0.1,0.01,32
1424,1e-05,4413,0.1,0.1,512
1425,0.001,2017,0.9,0.0001,256
1426,0.0001,4023,0.5,0.001,16
1427,0.001,5692,0.5,0.0001,256
1428,0.0001,8429,0.9,0.0001,256
1429,0.001,7627,0.5,0.01,128
1430,0.1,2855,0.5,0.1,512
1431,0.01,4444,0.9,0.1,256
1432,0.1,11589,0.9,0.01,32
1433,0.0001,6396,0.5,0.0001,256
1434,0.0001,2048,0.5,0.001,512
1435,0.0001,11815,0.9,0.001,512
1436,1e-05,2868,0.9,0.0001,512
1437,1e-05,4353,0.5,0.01,256
1438,0.0001,5615,0.1,0.01,16
1439,0.1,9848,0.1,0.001,256
1440,0.0001,7722,0.1,0.0001,128
1441,0.0001,8165,0.9,0.01,64
1442,0.1,4932,0.9,0.1,128
1443,1e-05,6655,0.5,0.01,128
1444,0.1,11673,0.5,0.1,32
1445,1e-05,4794,0.5,0.001,128
1446,0.001,10042,0.5,0.1,64
1447,0.1,6354,0.1,0.1,512
1448,0.1,4396,0.5,0.0001,128
1449,0.1,6599,0.9,0.0001,16
1450,0.001,273,0.5,0.0001,16
1451,1e-05,6663,0.1,0.0001,32
1452,0.1,1066,0.9,0.0001,256
1453,1e-05,6838,0.9,0.1,128
1454,0.001,4876,0.1,0.1,32
1455,0.0001,2664,0.5,0.001,512
1456,0.001,2967,0.9,0.01,128
1457,0.1,847,0.5,0.1,256
1458,0.001,4475,0.9,0.001,32
1459,0.0001,3436,0.1,0.01,256
1460,1e-05,4756,0.1,0.001,32
1461,0.0001,9290,0.9,0.1,128
1462,0.001,1630,0.9,0.001,128
1463,0.0001,4562,0.9,0.01,64
1464,1e-05,11618,0.5,0.001,16
1465,0.01,3469,0.9,0.001,16
1466,0.01,1256,0.5,0.1,32
1467,0.1,6464,0.5,0.0001,16
1468,0.01,8137,0.9,0.0001,128
1469,0.01,1161,0.1,0.01,64
1470,0.001,113,0.5,0.1,32
1471,0.1,4091,0.5,0.1,512
1472,1e-05,11094,0.1,0.01,512
1473,0.1,7483,0.1,0.01,256
1474,0.01,4427,0.1,0.0001,512
1475,0.0001,4095,0.1,0.01,128
1476,0.0001,5802,0.5,0.1,512
1477,0.0001,7568,0.1,0.001,32
1478,0.01,1410,0.9,0.0001,64
1479,1e-05,11309,0.5,0.01,64
1480,1e-05,4788,0.9,0.1,128
1481,0.0001,6488,0.9,0.001,512
1482,0.01,1413,0.9,0.01,32
1483,0.1,6854,0.1,0.01,16
1484,1e-05,1396,0.9,0.1,32
1485,0.001,1610,0.9,0.01,32
1486,0.1,7198,0.9,0.1,128
1487,0.001,1552,0.5,0.0001,256
1488,0.01,10658,0.1,0.001,128
1489,0.001,8053,0.9,0.0001,256
1490,0.01,464,0.5,0.001,512
1491,0.0001,7415,0.1,0.1,32
1492,0.001,8177,0.5,0.01,32
1493,1e-05,1522,0.1,0.01,64
1494,1e-05,9677,0.1,0.1,128
1495,0.01,11057,0.5,0.0001,512
1496,0.0001,880,0.9,0.01,64
1497,1e-05,7244,0.5,0.01,64
1498,0.1,3748,0.5,0.001,256
1499,1e-05,5294,0.9,0.0001,16
1500,0.01,9444,0.5,0.1,32
1501,0.0001,7029,0.9,0.001,32
1502,0.0001,5616,0.5,0.001,128
1503,0.0001,3825,0.5,0.0001,512
1504,0.01,8968,0.1,0.0001,512
1505,1e-05,2689,0.9,0.1,512
1506,0.1,1283,0.5,0.1,512
1507,1e-05,958,0.9,0.001,256
1508,1e-05,5299,0.1,0.0001,256
1509,0.01,272,0.1,0.1,512
1510,0.01,2966,0.9,0.0001,64
1511,0.001,9467,0.1,0.0001,256
1512,0.0001,1778,0.5,0.1,64
1513,0.1,6087,0.5,0.01,32
1514,0.1,9360,0.1,0.0001,512
1515,0.0001,9459,0.5,0.1,16
1516,0.001,9860,0.5,0.0001,64
1517,0.0001,590,0.5,0.001,256
1518,0.001,11737,0.1,0.001,64
1519,0.0001,4020,0.5,0.0001,32
1520,0.001,4122,0.9,0.01,512
1521,0.0001,7881,0.9,0.01,64
1522,0.01,983,0.5,0.001,32
1523,0.01,3351,0.9,0.01,16
1524,1e-05,5725,0.1,0.0001,16
1525,0.001,2710,0.9,0.1,128
1526,0.0001,2392,0.1,0.1,256
1527,0.001,3329,0.1,0.1,32
1528,0.01,4521,0.5,0.01,512
1529,0.0001,1515,0.1,0.01,128
1530,1e-05,3241,0.9,0.001,16
1531,1e-05,9063,0.9,0.0001,256
1532,1e-05,4896,0.5,0.001,256
1533,1e-05,7136,0.9,0.1,512
1534,0.1,6166,0.9,0.1,256
1535,0.1,10127,0.1,0.0001,256
1536,0.0001,8956,0.9,0.1,128
1537,0.1,5103,0.9,0.01,512
1538,1e-05,3572,0.1,0.0001,512
1539,1e-05,8057,0.9,0.001,512
1540,0.1,9428,0.5,0.01,128
1541,0.0001,1179,0.9,0.1,128
1542,1e-05,11708,0.1,0.1,64
1543,0.0001,7991,0.1,0.1,128
1544,1e-05,7996,0.5,0.01,128
1545,0.1,276,0.1,0.0001,32
1546,0.001,7955,0.9,0.01,16
1547,0.0001,7836,0.5,0.0001,512
1548,0.01,1539,0.1,0.0001,256
1549,1e-05,6125,0.5,0.1,512
1550,0.01,6518,0.5,0.001,128
1551,0.001,1762,0.5,0.01,512
1552,0.1,2292,0.5,0.01,512
1553,0.001,6148,0.9,0.01,256
1554,0.01,7299,0.9,0.0001,16
1555,0.0001,1459,0.1,0.0001,256
1556,0.001,7316,0.1,0.1,128
1557,1e-05,4100,0.1,0.01,32
1558,1e-05,3318,0.9,0.0001,64
1559,0.001,8395,0.9,0.01,64
1560,0.1,2530,0.5,0.01,512
1561,0.01,893,0.9,0.1,16
1562,1e-05,32,0.9,0.01,256
1563,0.001,9145,0.1,0.01,256
1564,0.001,8022,0.9,0.0001,32
1565,0.1,7419,0.9,0.0001,256
1566,0.001,2855,0.9,0.1,512
1567,0.1,7121,0.1,0.01,512
1568,0.01,564,0.5,0.1,64
1569,0.01,5634,0.9,0.001,32
1570,1e-05,405,0.5,0.0001,64
1571,0.0001,2332,0.5,0.01,128
1572,0.1,10516,0.5,0.01,64
1573,0.01,11507,0.9,0.0001,512
1574,0.1,9009,0.1,0.001,16
1575,0.0001,11438,0.1,0.1,32
1576,0.1,8301,0.9,0.1,128
1577,0.1,5483,0.1,0.0001,32
1578,0.1,11984,0.9,0.001,32
1579,0.001,8186,0.1,0.001,128
1580,0.01,6950,0.1,0.001,64
1581,0.001,8954,0.1,0.01,16
1582,0.1,7099,0.5,0.001,64
1583,0.001,6221,0.1,0.1,16
1584,0.0001,7081,0.5,0.1,64
1585,0.1,11466,0.9,0.001,128
1586,0.01,9242,0.5,0.1,64
1587,0.1,11701,0.5,0.01,256
1588,0.1,3899,0.5,0.1,128
1589,0.001,10744,0.5,0.01,64
1590,1e-05,10172,0.5,0.1,128
1591,0.1,1776,0.1,0.1,16
1592,0.1,3850,0.1,0.1,64
1593,0.0001,5494,0.5,0.001,32
1594,0.0001,10697,0.5,0.1,512
1595,0.001,3306,0.1,0.1,512
1596,0.001,4333,0.5,0.001,64
1597,0.0001,3511,0.1,0.0001,512
1598,1e-05,9468,0.9,0.1,128
1599,0.001,3703,0.5,0.001,16
1600,0.01,7426,0.5,0.1,32
1601,1e-05,9095,0.9,0.1,16
1602,0.0001,7862,0.9,0.001,512
1603,0.01,5602,0.1,0.0001,32
1604,1e-05,5778,0.5,0.1,128
1605,0.01,10415,0.9,0.01,32
1606,0.0001,845,0.5,0.01,16
1607,0.0001,1518,0.5,0.0001,512
1608,0.001,5545,0.1,0.01,256
1609,0.01,7584,0.9,0.01,512
1610,0.0001,620,0.1,0.0001,512
1611,0.0001,7791,0.9,0.1,16
1612,0.1,305,0.9,0.001,512
1613,0.0001,8619,0.9,0.01,256
1614,0.1,4133,0.9,0.1,512
1615,1e-05,6990,0.1,0.0001,32
1616,0.0001,11042,0.9,0.0001,16
1617,0.0001,2593,0.9,0.01,512
1618,1e-05,11590,0.5,0.1,512
1619,0.01,5159,0.5,0.001,16
1620,0.1,6162,0.5,0.0001,64
1621,0.0001,4675,0.5,0.01,64
1622,0.01,10222,0.5,0.001,512
1623,0.001,4219,0.9,0.0001,256
1624,0.01,7136,0.9,0.0001,16
1625,1e-05,695,0.9,0.0001,256
1626,1e-05,1551,0.1,0.1,64
1627,0.1,9207,0.5,0.01,64
1628,1e-05,3093,0.1,0.0001,64
1629,0.1,10562,0.1,0.1,512
1630,1e-05,6834,0.5,0.001,32
1631,0.1,1928,0.1,0.1,128
1632,1e-05,6366,0.1,0.001,16
1633,0.01,4522,0.9,0.1,256
1634,0.1,5809,0.5,0.01,256
1635,0.01,8399,0.9,0.01,16
1636,0.1,8023,0.5,0.01,512
1637,0.1,5233,0.9,0.0001,512
1638,0.01,3077,0.5,0.0001,16
1639,0.001,7153,0.9,0.001,64
1640,0.01,9950,0.9,0.0001,128
1641,0.01,11523,0.1,0.0001,64
1642,1e-05,216,0.5,0.01,512
1643,0.01,1888,0.5,0.1,256
1644,0.1,7788,0.1,0.01,128
1645,0.1,4234,0.9,0.01,16
1646,0.001,355,0.1,0.0001,256
1647,0.0001,9799,0.1,0.1,128
1648,0.0001,3049,0.1,0.001,16
1649,0.0001,7235,0.5,0.0001,512
1650,0.1,678,0.1,0.001,128
1651,0.01,6216,0.9,0.01,16
1652,0.1,10476,0.5,0.001,32
1653,0.1,5392,0.9,0.0001,32
1654,0.1,9820,0.1,0.0001,16
1655,0.001,11255,0.9,0.0001,256
1656,0.01,4732,0.9,0.0001,32
1657,0.0001,1372,0.9,0.01,32
1658,0.001,11922,0.1,0.001,256
1659,1e-05,2201,0.1,0.0001,256
1660,0.0001,3536,0.5,0.001,16
1661,0.01,6803,0.5,0.0001,16
1662,0.001,3639,0.1,0.1,64
1663,1e-05,2956,0.5,0.1,64
1664,0.001,3956,0.1,0.1,256
1665,0.0001,437,0.9,0.0001,32
1666,0.01,10658,0.1,0.0001,64
1667,0.1,6262,0.1,0.01,128
1668,1e-05,8981,0.1,0.01,32
1669,0.01,9191,0.1,0.001,256
1670,0.1,3616,0.1,0.01,256
1671,0.0001,4890,0.1,0.001,16
1672,1e-05,58,0.1,0.1,64
1673,0.01,865,0.1,0.1,256
1674,0.001,8664,0.1,0.01,16
1675,0.0001,10159,0.9,0.1,512
1676,0.0001,11543,0.5,0.01,512
1677,1e-05,10109,0.5,0.1,64
1678,0.001,9760,0.5,0.01,64
1679,1e-05,9615,0.5,0.0001,64
1680,0.01,2789,0.9,0.01,16
1681,0.001,5792,0.1,0.1,512
1682,1e-05,4817,0.9,0.0001,512
1683,0.0001,128,0.5,0.0001,32
1684,1e-05,10841,0.5,0.0001,64
1685,0.001,4919,0.5,0.001,64
1686,0.1,9137,0.9,0.0001,512
1687,0.0001,6266,0.1,0.01,128
1688,0.01,1549,0.5,0.001,256
1689,0.0001,11007,0.5,0.0001,32
1690,0.001,5964,0.1,0.001,128
1691,1e-05,8214,0.1,0.01,512
1692,0.01,9655,0.1,0.001,128
1693,0.0001,758,0.1,0.0001,256
1694,0.01,8082,0.1,0.1,512
1695,1e-05,3321,0.5,0.1,256
1696,0.001,9097,0.1,0.1,32
1697,0.01,1724,0.9,0.001,16
1698,0.0001,9474,0.1,0.0001,512
1699,0.01,11380,0.1,0.01,256
1700,1e-05,9623,0.5,0.0001,128
1701,0.001,10080,0.5,0.01,32
1702,0.0001,1423,0.5,0.01,32
1703,0.0001,3313,0.5,0.0001,256
1704,0.01,10552,0.9,0.0001,512
1705,1e-05,2075,0.9,0.001,16
1706,0.01,5290,0.9,0.1,64
1707,1e-05,2260,0.1,0.1,32
1708,0.0001,11946,0.1,0.0001,512
1709,0.0001,482,0.5,0.001,512
1710,0.0001,11083,0.5,0.001,32
1711,0.0001,6836,0.9,0.0001,128
1712,0.0001,8846,0.9,0.01,256
1713,0.0001,5139,0.1,0.01,256
1714,0.01,1000,0.5,0.1,512
1715,0.0001,8372,0.5,0.01,256
1716,0.1,7160,0.5,0.01,128
1717,0.001,10543,0.9,0.1,512
1718,0.01,448,0.1,0.1,64
1719,0.01,2425,0.5,0.001,64
1720,0.1,10730,0.9,0.01,256
1721,0.1,6041,0.1,0.01,256
1722,1e-05,7080,0.1,0.001,16
1723,1e-05,3405,0.9,0.01,128
1724,0.1,4932,0.5,0.01,256
1725,0.01,10811,0.9,0.1,256
1726,0.1,7043,0.9,0.1,64
1727,0.0001,1324,0.9,0.001,64
1728,0.001,2475,0.5,0.1,512
1729,0.1,6067,0.5,0.1,512
1730,1e-05,8925,0.9,0.01,32
1731,0.001,10756,0.1,0.001,16
1732,0.0001,3093,0.9,0.0001,512
1733,0.0001,4649,0.9,0.0001,64
1734,0.0001,1266,0.1,0.0001,32
1735,0.0001,10858,0.9,0.001,64
1736,0.0001,11721,0.5,0.001,512
1737,0.01,8489,0.5,0.0001,256
1738,0.001,11623,0.9,0.1,128
1739,0.001,4354,0.9,0.1,512
1740,0.001,607,0.5,0.1,64
1741,0.1,2629,0.9,0.0001,512
1742,0.0001,5564,0.1,0.001,256
1743,0.001,8960,0.5,0.1,128
1744,0.01,3452,0.1,0.1,512
1745,1e-05,10665,0.9,0.0001,64
1746,0.1,2548,0.1,0.0001,512
1747,0.01,9359,0.1,0.01,32
1748,1e-05,6692,0.1,0.1,128
1749,0.001,7072,0.9,0.01,512
1750,0.001,4675,0.5,0.001,64
1751,0.001,10511,0.9,0.01,32
1752,1e-05,7703,0.9,0.1,512
1753,0.1,6409,0.5,0.01,256
1754,0.001,10137,0.1,0.0001,64
1755,1e-05,4632,0.1,0.001,32
1756,1e-05,7405,0.5,0.01,512
1757,0.1,536,0.1,0.0001,512
1758,0.01,1578,0.5,0.0001,256
1759,0.01,1792,0.1,0.001,512
1760,1e-05,6982,0.5,0.001,512
1761,0.1,6325,0.5,0.001,256
1762,0.0001,7955,0.5,0.0001,128
1763,1e-05,1609,0.9,0.01,256
1764,0.01,10515,0.5,0.01,128
1765,0.0001,1723,0.5,0.001,32
1766,0.01,3546,0.5,0.1,512
1767,0.0001,10191,0.9,0.01,32
1768,0.0001,10007,0.1,0.0001,64
1769,0.1,9945,0.9,0.1,128
1770,0.001,1875,0.1,0.01,64
1771,0.01,9184,0.9,0.001,32
1772,0.0001,8171,0.5,0.001,64
1773,1e-05,3222,0.1,0.1,16
1774,0.01,832,0.5,0.001,32
1775,0.1,2507,0.9,0.0001,256
1776,0.0001,454,0.5,0.1,512
1777,0.1,4575,0.5,0.01,512
1778,0.001,4377,0.5,0.0001,512
1779,0.01,8504,0.9,0.0001,128
1780,0.01,7071,0.5,0.001,512
1781,0.0001,2652,0.9,0.01,32
1782,0.001,2307,0.5,0.001,16
1783,0.1,3224,0.9,0.001,64
1784,0.0001,306,0.9,0.0001,32
1785,1e-05,4929,0.9,0.0001,32
1786,0.001,9625,0.9,0.1,32
1787,0.001,10216,0.5,0.01,16
1788,0.001,255,0.9,0.01,64
1789,0.1,10969,0.5,0.1,512
1790,0.1,5558,0.1,0.1,256
1791,0.001,11155,0.9,0.0001,64
1792,1e-05,4981,0.5,0.1,256
1793,0.1,6532,0.5,0.1,256
1794,0.0001,2636,0.5,0.001,32
1795,1e-05,11362,0.1,0.001,256
1796,0.01,10326,0.1,0.0001,64
1797,0.1,6770,0.5,0.0001,64
1798,0.1,4354,0.5,0.1,64
1799,0.01,6071,0.5,0.1,128
1800,0.001,4112,0.5,0.001,512
1801,0.1,2132,0.9,0.001,256
1802,0.1,5104,0.9,0.001,64
1803,0.001,10126,0.9,0.01,32
1804,0.0001,8524,0.9,0.0001,128
1805,0.01,3495,0.9,0.0001,16
1806,0.001,617,0.1,0.01,256
1807,0.0001,1942,0.1,0.001,32
1808,0.1,10316,0.5,0.0001,512
1809,1e-05,11943,0.9,0.0001,64
1810,1e-05,2062,0.5,0.01,128
1811,0.001,1537,0.1,0.001,64
1812,0.001,122,0.5,0.001,32
1813,0.001,1477,0.5,0.01,16
1814,0.1,9251,0.1,0.0001,512
1815,0.01,8922,0.5,0.0001,64
1816,0.01,7527,0.1,0.1,32
1817,0.1,10834,0.9,0.1,64
1818,1e-05,6105,0.5,0.001,128
1819,1e-05,7002,0.1,0.001,256
1820,1e-05,11214,0.5,0.001,128
1821,0.0001,1925,0.9,0.01,16
1822,0.1,9771,0.5,0.001,16
1823,0.0001,9247,0.5,0.0001,64
1824,0.001,8282,0.1,0.01,512
1825,1e-05,2174,0.9,0.0001,128
1826,1e-05,10861,0.1,0.1,16
1827,0.0001,11468,0.5,0.1,512
1828,0.1,7966,0.9,0.0001,512
1829,0.01,9597,0.5,0.01,128
1830,0.0001,4873,0.1,0.001,16
1831,1e-05,4484,0.9,0.01,16
1832,0.0001,6280,0.5,0.0001,128
1833,0.0001,11832,0.1,0.001,64
1834,0.1,3639,0.9,0.001,32
1835,0.001,180,0.9,0.1,16
1836,0.001,7622,0.5,0.0001,64
1837,0.0001,9335,0.5,0.001,64
1838,0.01,10014,0.5,0.1,32
1839,1e-05,2717,0.1,0.1,512
1840,0.0001,1199,0.5,0.001,64
1841,0.001,1283,0.1,0.01,256
1842,0.0001,8487,0.9,0.1,16
1843,0.01,4757,0.1,0.01,128
1844,0.1,6428,0.5,0.1,32
1845,1e-05,10266,0.5,0.0001,64
1846,0.01,2249,0.5,0.001,32
1847,0.0001,5482,0.5,0.01,128
1848,0.1,2687,0.5,0.001,64
1849,0.1,6218,0.1,0.01,64
1850,0.001,3434,0.1,0.1,256
1851,1e-05,7865,0.9,0.001,32
1852,0.0001,8714,0.9,0.01,64
1853,0.01,11443,0.1,0.1,16
1854,0.1,7028,0.1,0.001,512
1855,0.001,3250,0.1,0.1,256
1856,0.001,7410,0.5,0.0001,32
1857,0.001,1191,0.1,0.1,64
1858,1e-05,9616,0.9,0.1,32
1859,0.01,4385,0.1,0.01,32
1860,0.1,255,0.1,0.01,128
1861,0.01,68,0.9,0.1,64
1862,0.001,3278,0.9,0.01,512
1863,0.0001,5203,0.1,0.1,128
1864,0.1,8857,0.9,0.01,32
1865,0.1,4587,0.5,0.01,16
1866,0.001,6441,0.9,0.001,32
1867,0.001,8594,0.1,0.01,256
1868,0.1,844,0.9,0.001,16
1869,0.01,2358,0.1,0.1,128
1870,0.1,7824,0.9,0.0001,128
1871,0.001,4645,0.9,0.001,512
1872,1e-05,6658,0.5,0.1,64
1873,1e-05,11794,0.9,0.001,128
1874,0.001,9975,0.5,0.001,512
1875,0.01,9481,0.5,0.001,64
1876,0.001,8348,0.5,0.1,128
1877,0.001,5654,0.1,0.001,256
1878,1e-05,7135,0.9,0.001,32
1879,1e-05,4875,0.9,0.1,256
1880,0.01,1037,0.5,0.001,32
1881,0.01,217,0.1,0.0001,128
1882,0.1,8096,0.9,0.0001,128
1883,0.01,5044,0.9,0.01,512
1884,0.01,597,0.9,0.1,128
1885,0.001,3809,0.9,0.001,512
1886,0.001,9758,0.1,0.1,256
1887,1e-05,1502,0.9,0.01,16
1888,0.01,7033,0.9,0.1,256
1889,0.001,7089,0.5,0.01,512
1890,0.1,10775,0.1,0.001,64
1891,0.001,8150,0.9,0.001,64
1892,0.0001,10666,0.1,0.01,256
1893,1e-05,8891,0.9,0.0001,512
1894,0.001,8616,0.1,0.01,16
1895,0.1,4227,0.1,0.001,16
1896,0.001,944,0.9,0.001,512
1897,0.0001,9373,0.1,0.1,128
1898,0.0001,1557,0.9,0.01,32
1899,0.0001,6520,0.5,0.0001,16
1900,0.1,11136,0.5,0.001,256
1901,0.01,4813,0.9,0.01,256
1902,1e-05,5817,0.5,0.1,16
1903,1e-05,7985,0.9,0.01,64
1904,0.001,1977,0.9,0.0001,256
1905,0.001,3617,0.5,0.0001,64
1906,0.0001,6664,0.1,0.1,64
1907,0.01,11727,0.9,0.001,128
1908,0.01,620,0.5,0.1,16
1909,0.01,6716,0.5,0.1,512
1910,0.01,1993,0.1,0.1,64
1911,0.1,5170,0.5,0.0001,128
1912,0.0001,7248,0.5,0.01,128
1913,0.0001,4717,0.9,0.1,128
1914,0.01,11401,0.9,0.01,32
1915,0.0001,10042,0.5,0.01,512
1916,0.01,737,0.5,0.001,512
1917,0.1,3396,0.1,0.0001,512
1918,0.0001,11512,0.9,0.1,512
1919,1e-05,11673,0.1,0.01,512
1920,0.0001,8634,0.5,0.001,32
1921,0.001,4147,0.1,0.0001,256
1922,1e-05,10097,0.5,0.1,32
1923,0.0001,215,0.5,0.001,64
1924,1e-05,10387,0.9,0.0001,64
1925,1e-05,10598,0.5,0.0001,16
1926,0.01,4376,0.5,0.001,32
1927,0.0001,9664,0.1,0.001,64
1928,1e-05,10741,0.1,0.01,256
1929,0.001,11740,0.9,0.0001,64
1930,0.0001,14,0.5,0.0001,64
1931,1e-05,7901,0.9,0.0001,512
1932,0.0001,5361,0.1,0.0001,16
1933,0.01,884,0.9,0.1,512
1934,0.001,2744,0.5,0.01,64
1935,0.01,3920,0.5,0.0001,64
1936,0.0001,9708,0.9,0.01,64
1937,0.1,8931,0.9,0.001,128
1938,1e-05,2148,0.9,0.001,64
1939,0.01,4680,0.9,0.0001,32
1940,0.01,7980,0.9,0.0001,32
1941,0.0001,9084,0.9,0.0001,32
1942,0.1,3676,0.9,0.1,512
1943,0.0001,3767,0.5,0.001,32
1944,0.001,8704,0.9,0.001,256
1945,0.0001,11436,0.1,0.0001,128
1946,1e-05,11966,0.9,0.0001,16
1947,0.01,11303,0.5,0.0001,64
1948,0.1,828,0.5,0.1,256
1949,0.01,3816,0.9,0.01,128
1950,1e-05,6728,0.9,0.01,512
1951,0.001,7299,0.9,0.01,32
1952,0.0001,9452,0.5,0.0001,64
1953,0.01,5236,0.9,0.0001,32
1954,0.01,4578,0.5,0.1,16
1955,0.01,11191,0.5,0.001,512
1956,0.001,6231,0.5,0.01,16
1957,0.01,1179,0.1,0.1,32
1958,0.1,4107,0.9,0.1,64
1959,0.001,8082,0.9,0.0001,32
1960,1e-05,10237,0.9,0.001,256
1961,0.0001,4256,0.5,0.0001,128
1962,0.1,2808,0.9,0.0001,512
1963,1e-05,3575,0.9,0.001,16
1964,0.001,5667,0.9,0.01,32
1965,0.01,5215,0.9,0.01,128
1966,0.1,962,0.9,0.01,16
1967,0.1,5226,0.9,0.01,32
1968,0.01,6116,0.5,0.0001,512
1969,0.001,21,0.1,0.01,128
1970,0.01,2133,0.1,0.001,64
1971,0.01,7981,0.9,0.0001,64
1972,0.001,882,0.1,0.0001,128
1973,0.001,2769,0.1,0.001,128
1974,0.0001,10029,0.5,0.01,128
1975,0.01,2495,0.1,0.0001,256
1976,0.001,823,0.1,0.1,64
1977,0.001,8656,0.5,0.001,128
1978,1e-05,5945,0.1,0.0001,16
1979,0.1,9114,0.5,0.01,32
1980,0.1,7771,0.9,0.1,512
1981,0.01,3185,0.5,0.0001,32
1982,0.0001,9607,0.9,0.0001,32
1983,0.01,6356,0.5,0.0001,256
1984,0.0001,4552,0.9,0.01,128
1985,0.1,10604,0.9,0.001,128
1986,0.1,4006,0.1,0.01,128
1987,0.01,11616,0.1,0.001,128
1988,0.1,6662,0.1,0.01,128
1989,0.1,1887,0.9,0.001,512
1990,0.0001,2229,0.9,0.001,512
1991,1e-05,4184,0.1,0.001,64
1992,0.001,5403,0.5,0.001,64
1993,0.0001,5911,0.9,0.1,16
1994,0.001,5849,0.5,0.1,128
1995,0.0001,7452,0.9,0.1,128
1996,1e-05,9166,0.9,0.001,256
1997,0.001,6744,0.5,0.0001,128
1998,0.1,5945,0.1,0.001,64
1999,0.0001,7254,0.1,0.01,32
